Timestamp,Temperature,Humidity
2025-09-09 00:00:00,25.993428306022466,60.21886056768533
2025-09-09 00:01:00,24.72347139765763,61.25983335390765
2025-09-09 00:02:00,26.295377076201383,61.51841394824986
2025-09-09 00:03:00,28.04605971281605,60.584574247661784
2025-09-09 00:04:00,24.531693250553328,57.478814638809155
2025-09-09 00:05:00,24.53172608610164,58.358486877118935
2025-09-09 00:06:00,28.158425631014783,59.45085771890993
2025-09-09 00:07:00,26.534869458305817,60.260137172671506
2025-09-09 00:08:00,24.061051228130097,61.49956975854705
2025-09-09 00:09:00,26.08512008717193,67.16290293772347
2025-09-09 00:10:00,35.0,20.0
2025-09-09 00:11:00,24.068540492859487,62.736861033931454
2025-09-09 00:12:00,25.48392454313207,61.66604125542037
2025-09-09 00:13:00,21.173439510684403,63.2160627472694
2025-09-09 00:14:00,21.550164334973935,61.09437934323234
2025-09-09 00:15:00,23.875424941518055,62.08022597022751
2025-09-09 00:16:00,22.974337759331153,59.46718069125928
2025-09-09 00:17:00,25.628494665190548,59.21211545392471
2025-09-09 00:18:00,23.183951848957577,59.93729697986301
2025-09-09 00:19:00,22.175392597329417,61.576051980107934
2025-09-09 00:20:00,27.931297537843108,63.16366836442546
2025-09-09 00:21:00,24.54844739902693,56.49124591530304
2025-09-09 00:22:00,25.13505640937585,61.304992176061106
2025-09-09 00:23:00,22.150503627573087,58.19931644383415
2025-09-09 00:24:00,23.911234550949636,59.60051899294631
2025-09-09 00:25:00,25.22184517941973,62.066978604224865
2025-09-09 00:26:00,22.698012845155393,61.27955361561323
2025-09-09 00:27:00,25.751396036691343,57.46881242579571
2025-09-09 00:28:00,23.79872262016239,59.17003127139887
2025-09-09 00:29:00,24.416612500413446,61.650889247662626
2025-09-09 00:30:00,23.796586775541208,59.14097334879512
2025-09-09 00:31:00,28.704556369017876,58.58063899465501
2025-09-09 00:32:00,24.97300555052413,60.10464090454556
2025-09-09 00:33:00,22.8845781420882,59.75451023374426
2025-09-09 00:34:00,26.645089824206377,63.465343266547464
2025-09-09 00:35:00,22.558312700057954,62.488681694607045
2025-09-09 00:36:00,25.41772719000951,55.740851231680026
2025-09-09 00:37:00,21.08065975224045,62.33257875341863
2025-09-09 00:38:00,22.34362790220314,60.00461311936166
2025-09-09 00:39:00,25.393722471738247,61.508005433723326
2025-09-09 00:40:00,26.47693315999082,57.67649194313919
2025-09-09 00:41:00,25.34273656237994,59.59915883587623
2025-09-09 00:42:00,24.768703435223518,61.12562284034916
2025-09-09 00:43:00,24.397792608821423,62.03261408392953
2025-09-09 00:44:00,22.042956019265144,59.07792917625587
2025-09-09 00:45:00,23.560311583210584,60.050841736712805
2025-09-09 00:46:00,24.078722458080424,59.51074814863788
2025-09-09 00:47:00,27.11424445243783,57.63621930863366
2025-09-09 00:48:00,25.687236579136922,63.187290190993735
2025-09-09 00:49:00,21.47391968927453,62.573003577284645
2025-09-09 00:50:00,15.0,90.0
2025-09-09 00:51:00,24.229835439167367,62.22080617452586
2025-09-09 00:52:00,23.646155999388082,64.92123439433122
2025-09-09 00:53:00,26.223352577681737,61.45325423226142
2025-09-09 00:54:00,27.0619990449919,55.93026054559603
2025-09-09 00:55:00,26.862560238232398,58.1002517351513
2025-09-09 00:56:00,23.321564953554724,63.37303982159588
2025-09-09 00:57:00,24.381575248297573,58.893873444613654
2025-09-09 00:58:00,25.662526862807127,60.55637542488889
2025-09-09 00:59:00,26.95109025424472,60.57372297973632
2025-09-09 01:00:00,24.04165152430942,58.62531329468913
2025-09-09 01:01:00,24.628682046672367,60.066608264540214
2025-09-09 01:02:00,22.787330051987944,54.62380029386789
2025-09-09 01:03:00,22.60758675183866,59.147431341412094
2025-09-09 01:04:00,26.625051644788396,58.68233787481948
2025-09-09 01:05:00,27.712480057141647,56.14819360749948
2025-09-09 01:06:00,24.855979756839332,63.33683272944361
2025-09-09 01:07:00,27.007065795784047,56.13618434618671
2025-09-09 01:08:00,25.723272050095268,58.7582750015584
2025-09-09 01:09:00,23.70976049078975,60.90660090917731
2025-09-09 01:10:00,25.722791211016826,62.521150972623815
2025-09-09 01:11:00,28.07607313293194,55.59023913117515
2025-09-09 01:12:00,24.928347921780098,62.362153543419865
2025-09-09 01:13:00,28.129287311628012,58.455822466225165
2025-09-09 01:14:00,19.76050979182051,60.656727801993846
2025-09-09 01:15:00,26.643805008750448,60.102304444151315
2025-09-09 01:16:00,25.17409413647634,60.31107232290877
2025-09-09 01:17:00,24.401985299068265,59.098573596148285
2025-09-09 01:18:00,25.183521553071003,60.04784339344454
2025-09-09 01:19:00,21.024862170798215,61.21694172087737
2025-09-09 01:20:00,24.560656224324976,60.44670657834001
2025-09-09 01:21:00,25.714225143023494,60.96714877753035
2025-09-09 01:22:00,27.955788089483033,61.69413958754919
2025-09-09 01:23:00,23.963459563452705,58.042639220619954
2025-09-09 01:24:00,23.383012794213624,65.07456035220572
2025-09-09 01:25:00,23.996485912830927,56.59758144453953
2025-09-09 01:26:00,26.83080423540415,58.78102769222676
2025-09-09 01:27:00,25.65750221931937,60.847883303309466
2025-09-09 01:28:00,23.940479592465923,61.091743939237105
2025-09-09 01:29:00,26.02653486622671,58.24133352724546
2025-09-09 01:30:00,25.19415509869608,59.48667794993741
2025-09-09 01:31:00,26.937289981065778,58.045353140149444
2025-09-09 01:32:00,23.595893812245293,59.52332357998893
2025-09-09 01:33:00,24.344675706804463,62.02686634063981
2025-09-09 01:34:00,24.215783693735684,61.10613912506225
2025-09-09 01:35:00,22.072970103735763,60.077695757610805
2025-09-09 01:36:00,25.59224055412915,61.503079473801925
2025-09-09 01:37:00,25.52211054435978,60.35354376957333
2025-09-09 01:38:00,25.01022691328492,61.62061078103546
2025-09-09 01:39:00,24.530825733249706,61.49384481722237
2025-09-09 01:40:00,22.169258515899173,59.75738072020627
2025-09-09 01:41:00,24.15870935446928,59.30028324237142
2025-09-09 01:42:00,24.314570966946462,61.83730172677329
2025-09-09 01:43:00,23.39544546155676,62.023017800088546
2025-09-09 01:44:00,24.67742857666798,60.119482523737716
2025-09-09 01:45:00,25.80810171362908,59.83060390980303
2025-09-09 01:46:00,28.77237180242106,60.66914389036632
2025-09-09 01:47:00,25.349155625663677,58.642279409496496
2025-09-09 01:48:00,25.51510078144553,60.83664437161731
2025-09-09 01:49:00,24.851108168467665,59.67006061089838
2025-09-09 01:50:00,21.162457569401916,61.48340880884461
2025-09-09 01:51:00,24.946972249101567,62.2240675794236
2025-09-09 01:52:00,25.120460419882054,61.59060248803503
2025-09-09 01:53:00,29.926484224970572,59.16377715951599
2025-09-09 01:54:00,24.615278070437753,62.80331857908978
2025-09-09 01:55:00,25.603094684667226,59.740460340931904
2025-09-09 01:56:00,24.930576460589513,61.39861771229517
2025-09-09 01:57:00,22.662643924760935,60.548144524432615
2025-09-09 01:58:00,27.285645629030043,59.505509890461866
2025-09-09 01:59:00,26.503866065373547,58.98778085857786
2025-09-09 02:00:00,26.582063894086094,59.40295998294239
2025-09-09 02:01:00,23.18122509041052,62.09970150566857
2025-09-09 02:02:00,27.805588621872197,56.96076432259695
2025-09-09 02:03:00,22.19629787441544,65.5866256141632
2025-09-09 02:04:00,26.17371418760054,57.401108143200325
2025-09-09 02:05:00,29.380911251619956,55.38116714861456
2025-09-09 02:06:00,23.01892734973862,63.306758072130826
2025-09-09 02:07:00,23.867404540794457,62.14962311752865
2025-09-09 02:08:00,25.199302730175283,61.14858826901667
2025-09-09 02:09:00,23.9930486917676,61.76016667264476
2025-09-09 02:10:00,21.898673137867736,61.526169885372305
2025-09-09 02:11:00,25.137125949612056,58.13692828222231
2025-09-09 02:12:00,22.87539257254779,61.213912830113564
2025-09-09 02:13:00,25.94718486127036,58.172084146340595
2025-09-09 02:14:00,23.161151531532393,62.86966370106931
2025-09-09 02:15:00,28.09986881003508,58.15595083197818
2025-09-09 02:16:00,23.433493415327526,59.13225889875122
2025-09-09 02:17:00,24.35587696758865,59.67928983289969
2025-09-09 02:18:00,26.62703443473934,60.01234569118158
2025-09-09 02:19:00,22.53827136713209,60.103415210826
2025-09-09 02:20:00,25.454919869208258,58.12809927426301
2025-09-09 02:21:00,27.614285508564855,59.1802316687014
2025-09-09 02:22:00,21.785033530877545,62.097416376778675
2025-09-09 02:23:00,25.36926771706461,58.80147979072543
2025-09-09 02:24:00,25.519765588496846,58.79804059451493
2025-09-09 02:25:00,26.56364574355462,59.682277002937965
2025-09-09 02:26:00,22.526098578243836,58.340782027883435
2025-09-09 02:27:00,22.359086773831446,58.505529064331164
2025-09-09 02:28:00,26.043883131233795,58.04116999187823
2025-09-09 02:29:00,25.593969346466373,59.27612102334312
2025-09-09 02:30:00,40.0,10.0
2025-09-09 02:31:00,25.69289641899395,62.60426422440213
2025-09-09 02:32:00,23.63995055684302,62.39534396798253
2025-09-09 02:33:00,25.464507394322005,59.44786924291215
2025-09-09 02:34:00,25.58614494659736,59.668895110895946
2025-09-09 02:35:00,23.571297163947264,58.70929268875075
2025-09-09 02:36:00,28.731549022289514,58.097199216870465
2025-09-09 02:37:00,25.947665841823575,58.94884980124793
2025-09-09 02:38:00,22.617393005594703,61.836740617878824
2025-09-09 02:39:00,26.31310721726766,57.688984504261526
2025-09-09 02:40:00,23.050636659545358,62.01337469870966
2025-09-09 02:41:00,26.574169207484903,62.27839322226271
2025-09-09 02:42:00,27.317191158014808,58.623884124078884
2025-09-09 02:43:00,23.358635363296578,61.6241057625496
2025-09-09 02:44:00,26.926752258488644,60.416911854177904
2025-09-09 02:45:00,25.825561853872998,58.78477812929183
2025-09-09 02:46:00,26.64412031998898,59.62612480362634
2025-09-09 02:47:00,28.793585965307894,58.12839181890964
2025-09-09 02:48:00,24.50922376799426,60.440740313100534
2025-09-09 02:49:00,23.49252767128502,59.207716596646556
2025-09-09 02:50:00,23.220971140748954,60.938534778143406
2025-09-09 02:51:00,23.368379430069123,61.81180686745633
2025-09-09 02:52:00,24.845796581171793,62.97938892500419
2025-09-09 02:53:00,25.682303949633287,61.57738967735377
2025-09-09 02:54:00,25.55338159866004,64.0296741156931
2025-09-09 02:55:00,26.654366498072047,57.63812162518788
2025-09-09 02:56:00,25.026003783755815,61.731639381563454
2025-09-09 02:57:00,27.907068154314633,58.91314993431939
2025-09-09 02:58:00,24.47068633352409,64.6442626996733
2025-09-09 02:59:00,30.440338333179238,55.66323426270008
2025-09-09 03:00:00,26.251334695530012,57.694888967873446
2025-09-09 03:01:00,23.285684887167434,59.658372265528236
2025-09-09 03:02:00,22.858215003877774,56.8231010494415
2025-09-09 03:03:00,25.96494483048637,58.46601754139529
2025-09-09 03:04:00,24.5530744293483,58.70519746221846
2025-09-09 03:05:00,26.428000988184184,59.586787078860326
2025-09-09 03:06:00,25.94647524914709,60.21027432698077
2025-09-09 03:07:00,24.854342174686256,63.82517059108865
2025-09-09 03:08:00,23.30641256386319,62.74764139444051
2025-09-09 03:09:00,21.97030555062827,60.36103991336106
2025-09-09 03:10:00,24.106970095865957,58.6496856093703
2025-09-09 03:11:00,26.712797588646943,60.127439548689544
2025-09-09 03:12:00,25.42818748826041,57.14543984182851
2025-09-09 03:13:00,22.508522442576023,64.9086563104207
2025-09-09 03:14:00,25.346361851702365,62.18569931559139
2025-09-09 03:15:00,25.770634759457675,58.67633131606175
2025-09-09 03:16:00,23.232285127597734,57.45758837801938
2025-09-09 03:17:00,25.307450211891055,62.5540196423853
2025-09-09 03:18:00,25.116417436892,59.712711591048766
2025-09-09 03:19:00,22.714059404338755,63.618602921777544
